{
  "environment" : "unittest",
  "summary" : "Python course.\nCreated: Mar 13, 2021, 5:33:22 PM.",
  "title" : "PY100-lesson2",
  "programming_language" : "Python",
  "language" : "en",
  "course_type" : "PyCharm",
  "items" : [
    {
      "title" : "lesson1_Условные_операторы",
      "task_list" : [
        {
          "name" : "task1",
          "files" : {
            "main.py" : {
              "name" : "main.py",
              "placeholders" : [ ],
              "is_visible" : true,
              "text" : "print(\"5 больше 10?\", 5 > 10)\nprint(\"5 равно 10?\", 5 == 10)\nprint(\"5 неравно 5\", 5 != 5)\n\nprint()\n\nprint(\"5 меньше или равно 10?\", 5 <= 10)\nprint(\"5 меньше или равно 5?\", 5 <= 5)\nprint(\"5 равно 5?\", 5 == 5)\n"
            },
            "__init__.py" : {
              "name" : "__init__.py",
              "placeholders" : [ ],
              "is_visible" : false,
              "text" : ""
            }
          },
          "description_text" : "Булевы переменные - `bool`\n\nВсего два значения `True` и `False`\n\nОператоры сравнения:\n- `<` **Меньше**. Условие верно, если первый операнд меньше второго.\n- `>` **Больше**. Условие верно, если первый операнд больше второго.\n- `<=` **Меньше или равно**.Условие верно, если первый операнд меньше либо равен второму.\n- `>=` **Больше или равно**. Условие верно, если первый операнд больше  либо равен второму.\n- `==` **Равенство**. Условие верно, если два операнда равны.\n- `!=` **Неравенство**. Условие верно, если два операнда неравны.\n\n\n",
          "description_format" : "MD",
          "feedback_link" : {
            "link_type" : "STEPIK"
          },
          "task_type" : "theory"
        },
        {
          "name" : "task2",
          "files" : {
            "main.py" : {
              "name" : "main.py",
              "placeholders" : [
                {
                  "offset" : 9,
                  "length" : 3,
                  "possible_answer" : "<",
                  "placeholder_text" : "..."
                },
                {
                  "offset" : 16,
                  "length" : 69,
                  "possible_answer" : "  # TODO",
                  "placeholder_text" : "# TODO Вставьте любой оператор сравнения, чтобы выжение было истинным"
                }
              ],
              "is_visible" : true,
              "text" : "print(20 ... 30)# TODO Вставьте любой оператор сравнения, чтобы выжение было истинным\n"
            },
            "__init__.py" : {
              "name" : "__init__.py",
              "placeholders" : [ ],
              "is_visible" : false,
              "text" : ""
            },
            "tests/output.txt" : {
              "name" : "tests/output.txt",
              "placeholders" : [ ],
              "is_visible" : false,
              "text" : "True\n"
            }
          },
          "description_text" : "Вместо многоточия (...) вставьте любой оператор сравнения, чтобы в результате сравнения получилась истина `True`.\n",
          "description_format" : "MD",
          "feedback_link" : {
            "link_type" : "STEPIK"
          },
          "task_type" : "output"
        },
        {
          "name" : "task3",
          "files" : {
            "main.py" : {
              "name" : "main.py",
              "placeholders" : [
                {
                  "offset" : 12,
                  "length" : 41,
                  "possible_answer" : "20 != 100",
                  "placeholder_text" : "...  # TODO Запишите логическое выражение"
                },
                {
                  "offset" : 61,
                  "length" : 3,
                  "possible_answer" : "condition",
                  "placeholder_text" : "..."
                }
              ],
              "is_visible" : true,
              "text" : "condition = ...  # TODO Запишите логическое выражение\n\nprint(...)\n"
            },
            "__init__.py" : {
              "name" : "__init__.py",
              "placeholders" : [ ],
              "is_visible" : false,
              "text" : ""
            },
            "tests/output.txt" : {
              "name" : "tests/output.txt",
              "placeholders" : [ ],
              "is_visible" : false,
              "text" : "True\n"
            }
          },
          "description_text" : "Запишите логическое выражение \"20 неравно 100\".\n\nРаспечатайте его результат.\n",
          "description_format" : "MD",
          "feedback_link" : {
            "link_type" : "STEPIK"
          },
          "task_type" : "output"
        },
        {
          "name" : "task4",
          "files" : {
            "main.py" : {
              "name" : "main.py",
              "placeholders" : [
                {
                  "offset" : 12,
                  "length" : 41,
                  "possible_answer" : "20 <= 11",
                  "placeholder_text" : "...  # TODO запишите логическое выражение"
                },
                {
                  "offset" : 61,
                  "length" : 3,
                  "possible_answer" : "condition",
                  "placeholder_text" : "..."
                }
              ],
              "is_visible" : true,
              "text" : "condition = ...  # TODO запишите логическое выражение\n\nprint(...)\n"
            },
            "__init__.py" : {
              "name" : "__init__.py",
              "placeholders" : [ ],
              "is_visible" : false,
              "text" : ""
            },
            "tests/output.txt" : {
              "name" : "tests/output.txt",
              "placeholders" : [ ],
              "is_visible" : false,
              "text" : "False\n"
            }
          },
          "description_text" : "Запишите логическое выражение \"20 не больше 11\".\n\nРаспечатайте его результат.\n",
          "description_format" : "MD",
          "feedback_link" : {
            "link_type" : "STEPIK"
          },
          "task_type" : "output"
        }
      ],
      "type" : "lesson"
    },
    {
      "title" : "lesson2_Логические_операторы",
      "task_list" : [
        {
          "name" : "task1",
          "files" : {
            "main.py" : {
              "name" : "main.py",
              "placeholders" : [ ],
              "is_visible" : true,
              "text" : "if __name__ == \"__main__\":\n    # Write your solution here\n    pass\n"
            },
            "__init__.py" : {
              "name" : "__init__.py",
              "placeholders" : [ ],
              "is_visible" : false,
              "text" : ""
            }
          },
          "description_text" : "\nЛогические операторы\nnot - Логическое НЕ. Возвращает противоположное значение\nor - Логическое ИЛИ. Возвращает True, если хотя бы одна из переменных True\nand Логическое И\nВозвращает True, если обе переменные True\nin, not in\nПроверка принадлежности\nВозвращает True, если проверяемая переменная содержится / не содержится в последовательности (списке, кортеже, строке ...)\nis, is not\nПроверка тождественности\nВозвращает True, если проверяемые объекты эквивалентны / не эквиваленты. То есть переменные ссылаются на один и тот же адрес в памяти компьютера.\n\n",
          "description_format" : "MD",
          "feedback_link" : {
            "link_type" : "STEPIK"
          },
          "task_type" : "theory"
        },
        {
          "name" : "task2",
          "files" : {
            "main.py" : {
              "name" : "main.py",
              "placeholders" : [
                {
                  "offset" : 11,
                  "length" : 3,
                  "possible_answer" : "or",
                  "placeholder_text" : "..."
                }
              ],
              "is_visible" : true,
              "text" : "print(True ... False)  # True\n"
            },
            "__init__.py" : {
              "name" : "__init__.py",
              "placeholders" : [ ],
              "is_visible" : false,
              "text" : ""
            },
            "tests/output.txt" : {
              "name" : "tests/output.txt",
              "placeholders" : [ ],
              "is_visible" : false,
              "text" : "True\n"
            }
          },
          "description_text" : "Выберите нужный логический оператор `and` или `or`, чтобы итогое выражение было верным.\n",
          "description_format" : "MD",
          "feedback_link" : {
            "link_type" : "STEPIK"
          },
          "task_type" : "output"
        },
        {
          "name" : "task3",
          "files" : {
            "main.py" : {
              "name" : "main.py",
              "placeholders" : [
                {
                  "offset" : 11,
                  "length" : 3,
                  "possible_answer" : "and",
                  "placeholder_text" : "..."
                }
              ],
              "is_visible" : true,
              "text" : "print(True ... False)  # False\n"
            },
            "__init__.py" : {
              "name" : "__init__.py",
              "placeholders" : [ ],
              "is_visible" : false,
              "text" : ""
            },
            "tests/output.txt" : {
              "name" : "tests/output.txt",
              "placeholders" : [ ],
              "is_visible" : false,
              "text" : "False\n"
            }
          },
          "description_text" : "Выберите нужный логический оператор `and` или `or`, чтобы итогое выражение было ложным.\n",
          "description_format" : "MD",
          "feedback_link" : {
            "link_type" : "STEPIK"
          },
          "task_type" : "output"
        },
        {
          "choiceOptions" : [
            {
              "text" : "true",
              "status" : "CORRECT"
            },
            {
              "text" : "false",
              "status" : "INCORRECT"
            }
          ],
          "isMultipleChoice" : false,
          "name" : "task4",
          "files" : {
            "main.py" : {
              "name" : "main.py",
              "placeholders" : [ ],
              "is_visible" : true,
              "text" : ""
            },
            "__init__.py" : {
              "name" : "__init__.py",
              "placeholders" : [ ],
              "is_visible" : false,
              "text" : ""
            }
          },
          "description_text" : "В речи иногда можно услышать оправдание: “не-не-не, это не правда”. \n\nС помощью логических операторов в Python это высказывание можно записать так:\n```python\nnot not True\n```\n\nЧему будет равно значение такого логического выражения?\n",
          "description_format" : "MD",
          "feedback_link" : {
            "link_type" : "STEPIK"
          },
          "task_type" : "choice"
        },
        {
          "choiceOptions" : [
            {
              "text" : "true",
              "status" : "INCORRECT"
            },
            {
              "text" : "false",
              "status" : "CORRECT"
            }
          ],
          "isMultipleChoice" : false,
          "name" : "task5",
          "files" : {
            "main.py" : {
              "name" : "main.py",
              "placeholders" : [ ],
              "is_visible" : true,
              "text" : "\n"
            },
            "__init__.py" : {
              "name" : "__init__.py",
              "placeholders" : [ ],
              "is_visible" : false,
              "text" : ""
            }
          },
          "description_text" : "Чему равно значение выражения?\n\n```python\nnot True or (True and not True)\n```\n",
          "description_format" : "MD",
          "feedback_link" : {
            "link_type" : "STEPIK"
          },
          "task_type" : "choice"
        },
        {
          "choiceOptions" : [
            {
              "text" : "true",
              "status" : "CORRECT"
            },
            {
              "text" : "false",
              "status" : "INCORRECT"
            }
          ],
          "isMultipleChoice" : false,
          "name" : "task6",
          "files" : {
            "main.py" : {
              "name" : "main.py",
              "placeholders" : [ ],
              "is_visible" : true,
              "text" : "if __name__ == \"__main__\":\n    # Write your solution here\n    pass\n"
            },
            "__init__.py" : {
              "name" : "__init__.py",
              "placeholders" : [ ],
              "is_visible" : false,
              "text" : ""
            }
          },
          "description_text" : "Чему равно значение выражения?\n\n```python\nnot False and True or False and not True\n```\n",
          "description_format" : "MD",
          "feedback_link" : {
            "link_type" : "STEPIK"
          },
          "task_type" : "choice"
        }
      ],
      "type" : "lesson"
    },
    {
      "title" : "lesson3_Условные_конструкции",
      "task_list" : [
        {
          "name" : "task1",
          "files" : {
            "main.py" : {
              "name" : "main.py",
              "placeholders" : [ ],
              "is_visible" : true,
              "text" : "if __name__ == \"__main__\":\n    # Write your solution here\n    pass\n"
            },
            "__init__.py" : {
              "name" : "__init__.py",
              "placeholders" : [ ],
              "is_visible" : false,
              "text" : ""
            }
          },
          "description_text" : "\nThis is a task description file.\nIts content will be displayed to a learner\nin the **Task Description** window.\n\nIt supports both Markdown and HTML.\nTo toggle the format, you can rename **task.md**\nto **task.html**, or vice versa.\nThe default task description format can be changed\nin **Preferences | Tools | Education**,\nbut this will not affect any existing task description files.\n\nThe following features are available in\n**task.md/task.html** which are specific to the EduTools plugin:\n\n- Hints can be added anywhere in the task text.\nType \"hint\" and press Tab.\nHints should be added to an empty line in the task text.\nIn hints you can use HTML only.\n<div class=\"hint\">Text of your hint</div>\n\n- You may need to refer your learners to a particular lesson,\ntask, or file. To achieve this, you can use the in-course links.\nSpecify the path using the `[link_text](course://lesson1/task1/file1)` format.\n\n- You can insert shortcuts in the task description.\nWhile **task.html/task.md** is open, right-click anywhere\non the **Editor** tab and choose the **Insert shortcut** option\nfrom the context menu.\nFor example: &shortcut:FileStructurePopup;.\n\n- Insert the &percnt;`IDE_NAME`&percnt; macro,\nwhich will be replaced by the actual IDE name.\nFor example, **%IDE_NAME%**.\n\n- Insert PSI elements, by using links like\n`<a href=\"psi_element://link.to.element\">element description</a>`.\nTo get such a link, right-click the class or method\nand select **Copy Reference**.\nThen press &shortcut:EditorPaste; to insert the link where appropriate.\nFor example, a <a href=\"psi_element://java.lang.String#contains\">link to the \"contains\" method</a>.",
          "description_format" : "MD",
          "feedback_link" : {
            "link_type" : "STEPIK"
          },
          "task_type" : "theory"
        },
        {
          "choiceOptions" : [
            {
              "text" : "5",
              "status" : "INCORRECT"
            },
            {
              "text" : "-5",
              "status" : "INCORRECT"
            },
            {
              "text" : "15",
              "status" : "CORRECT"
            }
          ],
          "isMultipleChoice" : false,
          "name" : "task2",
          "files" : {
            "main.py" : {
              "name" : "main.py",
              "placeholders" : [ ],
              "is_visible" : true,
              "text" : "s = 5\na = 10\nif a > 0:\n    s += a\nelse:\n    s -= a\n"
            },
            "__init__.py" : {
              "name" : "__init__.py",
              "placeholders" : [ ],
              "is_visible" : false,
              "text" : ""
            }
          },
          "description_text" : "Чему будет равна переменная `s` в результате выполнения данного кода?\n",
          "description_format" : "MD",
          "feedback_link" : {
            "link_type" : "STEPIK"
          },
          "task_type" : "choice"
        },
        {
          "name" : "task3",
          "files" : {
            "main.py" : {
              "name" : "main.py",
              "placeholders" : [ ],
              "is_visible" : true,
              "text" : "if __name__ == \"__main__\":\n    # Write your solution here\n    pass\n"
            },
            "__init__.py" : {
              "name" : "__init__.py",
              "placeholders" : [ ],
              "is_visible" : false,
              "text" : ""
            },
            "tests/output.txt" : {
              "name" : "tests/output.txt",
              "placeholders" : [ ],
              "is_visible" : false,
              "text" : ""
            }
          },
          "description_text" : "\nThis is a task description file.\nIts content will be displayed to a learner\nin the **Task Description** window.\n\nIt supports both Markdown and HTML.\nTo toggle the format, you can rename **task.md**\nto **task.html**, or vice versa.\nThe default task description format can be changed\nin **Preferences | Tools | Education**,\nbut this will not affect any existing task description files.\n\nThe following features are available in\n**task.md/task.html** which are specific to the EduTools plugin:\n\n- Hints can be added anywhere in the task text.\nType \"hint\" and press Tab.\nHints should be added to an empty line in the task text.\nIn hints you can use HTML only.\n<div class=\"hint\">Text of your hint</div>\n\n- You may need to refer your learners to a particular lesson,\ntask, or file. To achieve this, you can use the in-course links.\nSpecify the path using the `[link_text](course://lesson1/task1/file1)` format.\n\n- You can insert shortcuts in the task description.\nWhile **task.html/task.md** is open, right-click anywhere\non the **Editor** tab and choose the **Insert shortcut** option\nfrom the context menu.\nFor example: &shortcut:FileStructurePopup;.\n\n- Insert the &percnt;`IDE_NAME`&percnt; macro,\nwhich will be replaced by the actual IDE name.\nFor example, **%IDE_NAME%**.\n\n- Insert PSI elements, by using links like\n`<a href=\"psi_element://link.to.element\">element description</a>`.\nTo get such a link, right-click the class or method\nand select **Copy Reference**.\nThen press &shortcut:EditorPaste; to insert the link where appropriate.\nFor example, a <a href=\"psi_element://java.lang.String#contains\">link to the \"contains\" method</a>.",
          "description_format" : "MD",
          "feedback_link" : {
            "link_type" : "STEPIK"
          },
          "task_type" : "output"
        },
        {
          "name" : "task4",
          "files" : {
            "main.py" : {
              "name" : "main.py",
              "placeholders" : [
                {
                  "offset" : 16,
                  "length" : 54,
                  "possible_answer" : "number % 2 == 0 or number % 3 == 0:",
                  "placeholder_text" : "...:  # TODO Заменить многоточие необходиммым условием"
                }
              ],
              "is_visible" : true,
              "text" : "number = 12\n\nif ...:  # TODO Заменить многоточие необходиммым условием\n    print('Число number кратно 2 или 3')\n"
            },
            "__init__.py" : {
              "name" : "__init__.py",
              "placeholders" : [ ],
              "is_visible" : false,
              "text" : ""
            },
            "tests/output.txt" : {
              "name" : "tests/output.txt",
              "placeholders" : [ ],
              "is_visible" : false,
              "text" : "'Число number кратно 2 или 3'\n"
            }
          },
          "description_text" : "Записать условие проверки целого числа `number`, является ли оно кратным двум или трем.\n",
          "description_format" : "MD",
          "feedback_link" : {
            "link_type" : "STEPIK"
          },
          "task_type" : "output"
        },
        {
          "name" : "task5",
          "files" : {
            "main.py" : {
              "name" : "main.py",
              "placeholders" : [
                {
                  "offset" : 16,
                  "length" : 66,
                  "possible_answer" : "A % 2 == 1 and B % 2 == 1:",
                  "placeholder_text" : "...:  # ToDo напишите сюда условие проверки нечетности чисел А и B"
                }
              ],
              "is_visible" : true,
              "text" : "A = 5\nB = 7\n\nif ...:  # ToDo напишите сюда условие проверки нечетности чисел А и B\n    print('Числа А и B нечетные')\n"
            },
            "__init__.py" : {
              "name" : "__init__.py",
              "placeholders" : [ ],
              "is_visible" : false,
              "text" : ""
            },
            "tests/output.txt" : {
              "name" : "tests/output.txt",
              "placeholders" : [ ],
              "is_visible" : false,
              "text" : "'Числа А и B нечетные'\n"
            }
          },
          "description_text" : "Записать условие проверки, которое является истинным, когда каждое из чисел А и В нечетное.\n",
          "description_format" : "MD",
          "feedback_link" : {
            "link_type" : "STEPIK"
          },
          "task_type" : "output"
        },
        {
          "name" : "task6",
          "files" : {
            "main.py" : {
              "name" : "main.py",
              "placeholders" : [
                {
                  "offset" : 14,
                  "length" : 43,
                  "possible_answer" : "6 <= hour < 12:",
                  "placeholder_text" : "...:  # ToDo условие проверки времени суток"
                }
              ],
              "is_visible" : true,
              "text" : "hour = 10\n\nif ...:  # ToDo условие проверки времени суток\n    print(\"Утро!!!\")\n"
            },
            "__init__.py" : {
              "name" : "__init__.py",
              "placeholders" : [ ],
              "is_visible" : false,
              "text" : ""
            },
            "tests/output.txt" : {
              "name" : "tests/output.txt",
              "placeholders" : [ ],
              "is_visible" : false,
              "text" : "\"Утро!!!\"\n"
            }
          },
          "description_text" : "Написать программу для определения, является ли  данное время суток утром и вывести соответствующее сообщение сообщение. \n\nУтром считается временной промежуток с 6 включительно и  до 12 часов не включительно.\n",
          "description_format" : "MD",
          "feedback_link" : {
            "link_type" : "STEPIK"
          },
          "task_type" : "output"
        },
        {
          "name" : "task7",
          "files" : {
            "main.py" : {
              "name" : "main.py",
              "placeholders" : [
                {
                  "offset" : 8,
                  "length" : 82,
                  "possible_answer" : "int(input())",
                  "placeholder_text" : "...  # TODO запросить месяц у пользователя. Номер месяца - целочисленное значение!"
                },
                {
                  "offset" : 105,
                  "length" : 3,
                  "possible_answer" : "3, 4, 5",
                  "placeholder_text" : "..."
                },
                {
                  "offset" : 145,
                  "length" : 3,
                  "possible_answer" : "6, 7, 8",
                  "placeholder_text" : "..."
                },
                {
                  "offset" : 184,
                  "length" : 3,
                  "possible_answer" : "9, 10, 11",
                  "placeholder_text" : "..."
                },
                {
                  "offset" : 224,
                  "length" : 3,
                  "possible_answer" : "12, 1, 2",
                  "placeholder_text" : "..."
                }
              ],
              "is_visible" : true,
              "text" : "mount = ...  # TODO запросить месяц у пользователя. Номер месяца - целочисленное значение!\n\nif mount in [...]:\n    print(\"Весна\")\nelif mount in [...]:\n    print(\"Лето\")\nelif mount in [...]:\n    print(\"Осень\")\nelif mount in [...]:\n    print(\"Зима\")\n"
            },
            "__init__.py" : {
              "name" : "__init__.py",
              "placeholders" : [ ],
              "is_visible" : false,
              "text" : ""
            }
          },
          "description_text" : "Ввести с клавиатуры номер месяца. Определить сезон в зависимости от номера месяца и вывести сообщение:\n- “Весна” для  3, 4, 5 месяца;\n- “Лето” для 6, 7, 8  месяца;\n- “Осень” для 9, 10, 11 месяца;\n- “Зима” для 12, 1, 2 месяца.\n",
          "description_format" : "MD",
          "feedback_link" : {
            "link_type" : "STEPIK"
          },
          "task_type" : "theory"
        },
        {
          "name" : "task8",
          "files" : {
            "main.py" : {
              "name" : "main.py",
              "placeholders" : [ ],
              "is_visible" : true,
              "text" : "if __name__ == \"__main__\":\n    # Write your solution here\n    pass\n"
            },
            "__init__.py" : {
              "name" : "__init__.py",
              "placeholders" : [ ],
              "is_visible" : false,
              "text" : ""
            }
          },
          "description_text" : "\nThis is a task description file.\nIts content will be displayed to a learner\nin the **Task Description** window.\n\nIt supports both Markdown and HTML.\nTo toggle the format, you can rename **task.md**\nto **task.html**, or vice versa.\nThe default task description format can be changed\nin **Preferences | Tools | Education**,\nbut this will not affect any existing task description files.\n\nThe following features are available in\n**task.md/task.html** which are specific to the EduTools plugin:\n\n- Hints can be added anywhere in the task text.\nType \"hint\" and press Tab.\nHints should be added to an empty line in the task text.\nIn hints you can use HTML only.\n<div class=\"hint\">Text of your hint</div>\n\n- You may need to refer your learners to a particular lesson,\ntask, or file. To achieve this, you can use the in-course links.\nSpecify the path using the `[link_text](course://lesson1/task1/file1)` format.\n\n- You can insert shortcuts in the task description.\nWhile **task.html/task.md** is open, right-click anywhere\non the **Editor** tab and choose the **Insert shortcut** option\nfrom the context menu.\nFor example: &shortcut:FileStructurePopup;.\n\n- Insert the &percnt;`IDE_NAME`&percnt; macro,\nwhich will be replaced by the actual IDE name.\nFor example, **%IDE_NAME%**.\n\n- Insert PSI elements, by using links like\n`<a href=\"psi_element://link.to.element\">element description</a>`.\nTo get such a link, right-click the class or method\nand select **Copy Reference**.\nThen press &shortcut:EditorPaste; to insert the link where appropriate.\nFor example, a <a href=\"psi_element://java.lang.String#contains\">link to the \"contains\" method</a>.",
          "description_format" : "MD",
          "feedback_link" : {
            "link_type" : "STEPIK"
          },
          "task_type" : "theory"
        },
        {
          "name" : "task9",
          "files" : {
            "main.py" : {
              "name" : "main.py",
              "placeholders" : [ ],
              "is_visible" : true,
              "text" : "if __name__ == \"__main__\":\n    # Write your solution here\n    pass\n"
            },
            "__init__.py" : {
              "name" : "__init__.py",
              "placeholders" : [ ],
              "is_visible" : false,
              "text" : ""
            }
          },
          "description_text" : "\nThis is a task description file.\nIts content will be displayed to a learner\nin the **Task Description** window.\n\nIt supports both Markdown and HTML.\nTo toggle the format, you can rename **task.md**\nto **task.html**, or vice versa.\nThe default task description format can be changed\nin **Preferences | Tools | Education**,\nbut this will not affect any existing task description files.\n\nThe following features are available in\n**task.md/task.html** which are specific to the EduTools plugin:\n\n- Hints can be added anywhere in the task text.\nType \"hint\" and press Tab.\nHints should be added to an empty line in the task text.\nIn hints you can use HTML only.\n<div class=\"hint\">Text of your hint</div>\n\n- You may need to refer your learners to a particular lesson,\ntask, or file. To achieve this, you can use the in-course links.\nSpecify the path using the `[link_text](course://lesson1/task1/file1)` format.\n\n- You can insert shortcuts in the task description.\nWhile **task.html/task.md** is open, right-click anywhere\non the **Editor** tab and choose the **Insert shortcut** option\nfrom the context menu.\nFor example: &shortcut:FileStructurePopup;.\n\n- Insert the &percnt;`IDE_NAME`&percnt; macro,\nwhich will be replaced by the actual IDE name.\nFor example, **%IDE_NAME%**.\n\n- Insert PSI elements, by using links like\n`<a href=\"psi_element://link.to.element\">element description</a>`.\nTo get such a link, right-click the class or method\nand select **Copy Reference**.\nThen press &shortcut:EditorPaste; to insert the link where appropriate.\nFor example, a <a href=\"psi_element://java.lang.String#contains\">link to the \"contains\" method</a>.",
          "description_format" : "MD",
          "feedback_link" : {
            "link_type" : "STEPIK"
          },
          "task_type" : "theory"
        }
      ],
      "type" : "lesson"
    },
    {
      "title" : "lesson4_Циклы",
      "task_list" : [ ],
      "type" : "lesson"
    }
  ],
  "version" : 11
}